iter	Passed	Remaining
0	13	809
1	369	10902
2	1080	20883
3	1461	20825
4	3026	33892
5	4627	42416
6	8534	65835
7	9380	62142
8	12621	72925
9	12673	64633
10	12891	58595
11	12894	52653
12	13001	48005
13	14682	49291
14	18484	56685
15	20544	57780
16	20554	53199
17	20576	49155
18	21120	46687
19	21328	43724
20	22265	42410
21	22474	39841
22	26180	43253
23	29981	46220
24	33103	47668
25	33129	44597
26	34739	43745
27	34798	41012
28	35602	39285
29	35699	36889
30	39436	38164
31	43001	38970
32	47166	40020
33	47172	37460
34	47218	35076
35	50979	35402
36	54458	35324
37	54484	32977
38	54508	30748
39	55230	28995
40	55246	26949
41	55303	25018
42	55308	23152
43	56167	21701
44	56404	20054
45	58179	18971
46	58182	17330
47	59098	16005
48	59305	14523
49	62685	13790
50	62897	12332
51	62900	10886
52	66376	10019
53	69467	9005
54	69950	7630
55	69955	6245
56	70239	4929
57	70468	3644
58	74511	2525
59	74533	1242
60	79321	0
